2012 HDI Rank,Name,Type,Country Code,2012 Population,2012 Population Note,2030 Population,2030 Population note,2000/2005 Annual Population Growth,2000/2005 Annual Population Growth Note,2010/2015 Annual Population Growth,2010/2015 Annual Population Growth Note,2000 Urban Population,2000 Urban Population Note,2012 Urban Population,2012 Urban Population Note,2000 Median Age,2000 Median Age Note,2010 Median Age,2010 Median Age Note,2000 Total Dependency Ratio,2000 Total Dependency Ratio Note,2012 Total Dependency Ratio,2012 Total Dependency Ratio Note,2000 Total Fertility Rate,2000 Total Fertility Rate Note,2012 Total Fertility Rate,2012 Total Fertility Rate Note,2000 Sex ratio at birth,2000 Sex ratio at birth Note,2012 sex ratio at birth,2012 sex ratio at birth note
1,Norway,Ranked Country,NOR,5,e,5.6,e,0.6,e,0.7,e,76.1,,79.7,,36.9,,38.7,,54.2,,51.5,,1.8,,2,,1.05,,1.06,
2,Australia,Ranked Country,AUS,22.9,f,27.8,f,1.3,f,1.3,f,87.2,,89.4,,35.4,,36.9,,49.6,,49.3,,1.7,,2,,1.06,,1.06,
3,United States,Ranked Country,USA,315.8,,361.7,,1,,0.9,,79.1,,82.6,,35.3,,36.9,,51,,50.7,,2,,2.1,,1.05,,1.05,
4,Netherlands,Ranked Country,NLD,16.7,,17.3,,0.6,,0.3,,76.8,,83.6,,37.3,,40.7,,47.3,,50.6,,1.7,,1.8,,1.06,,1.06,
5,Germany,Ranked Country,DEU,82,,79.5,,0,,-0.2,,73.1,,74.1,,39.9,,44.3,,47,,51.7,,1.3,,1.4,,1.06,,1.06,
6,New Zealand,Ranked Country,NZL,4.5,,5.2,,1.4,,1,,85.7,,86.3,,34.3,,36.6,,52.7,,51.4,,1.9,,2.1,,1.05,,1.06,
7,Ireland,Ranked Country,IRL,4.6,,5.4,,1.8,,1.1,,59.1,,62.5,,32.5,,34.7,,49.2,,50.8,,1.9,,2.1,,1.07,,1.07,
7,Sweden,Ranked Country,SWE,9.5,,10.4,,0.4,,0.6,,84,,85.4,,39.4,,40.7,,55.3,,55.5,,1.6,,1.9,,1.06,,1.06,
9,Switzerland,Ranked Country,CHE,7.7,,8.1,,0.7,,0.4,,73.3,,73.8,,38.6,,41.4,,48.7,,47.9,,1.4,,1.5,,1.05,,1.05,
10,Japan,Ranked Country,JPN,126.4,,120.2,,0.1,,-0.1,,78.6,,91.9,,41.3,,44.7,,46.6,,59.6,,1.3,,1.4,,1.06,,1.06,
11,Canada,Ranked Country,CAN,34.7,,39.8,,1,,0.9,,79.5,,80.8,,36.8,,39.9,,46.3,,45.1,,1.5,,1.7,,1.05,,1.06,
12,Korea (Republic of),Ranked Country,KOR,48.6,,50.3,,0.5,,0.4,,79.6,,83.5,,32.1,,37.9,,39.5,,38,,1.3,,1.4,,1.1,,1.1,
13,"Hong Kong, China (SAR)",Ranked Country,HKG,7.2,,8.5,,0.1,,1,,100,,100,,36.5,,41.8,,39.3,,32.3,,0.8,,1.1,,1.07,,1.07,
13,Iceland,Ranked Country,ISL,0.3,,0.4,,1.1,,1.2,,92.4,,93.8,,32.8,,34.8,,53.5,,49.6,,2,,2.1,,1.04,,1.05,
15,Denmark,Ranked Country,DNK,5.6,,5.9,,0.3,,0.3,,85.1,,87.1,,38.4,,40.6,,50,,54.1,,1.8,,1.9,,1.06,,1.06,
16,Israel,Ranked Country,ISR,7.7,,9.8,,1.9,,1.7,,91.2,,91.9,,28,,30.1,,61.6,,61.6,,2.9,,2.9,,1.05,,1.05,
17,Belgium,Ranked Country,BEL,10.8,,11.2,,0.5,,0.3,,97.1,,97.5,,39.1,,41.2,,51.6,,53.3,,1.6,,1.8,,1.05,,1.05,
18,Austria,Ranked Country,AUT,8.4,,8.6,,0.6,,0.2,,65.8,,67.9,,38.2,,41.8,,48,,48.1,,1.4,,1.3,,1.06,,1.06,
18,Singapore,Ranked Country,SGP,5.3,,6,,1.7,,1.1,,100,,100,,34.1,,37.6,,40.5,,35.4,,1.4,,1.3,,1.07,,1.07,
20,France,Ranked Country,FRA,63.5,,68.5,,0.6,,0.5,,76.9,,86.4,,37.7,,39.9,,53.6,,55.7,,1.8,,2,,1.05,,1.05,
21,Finland,Ranked Country,FIN,5.4,,5.6,,0.3,,0.3,,82.2,,83.8,,39.3,,42,,49.3,,53.5,,1.7,,1.9,,1.05,,1.05,
21,Slovenia,Ranked Country,SVN,2,,2.1,,0.2,,0.2,,50.8,,49.8,,38,,41.7,,42.7,,45,,1.2,,1.5,,1.05,,1.05,
23,Spain,Ranked Country,ESP,46.8,g,50,g,1.5,g,0.6,g,76.3,,77.6,,37.6,,40.1,,46.3,,48.4,,1.2,,1.5,,1.06,,1.06,
24,Liechtenstein,Ranked Country,LIE,0,,0,,1.1,,0.8,,15.1,,14.3,,..,,..,,..,,..,,..,,..,,..,,..,
25,Italy,Ranked Country,ITA,61,,60.9,,0.6,,0.2,,67.2,,68.5,,40.2,,43.2,,48.3,,53.8,,1.2,,1.5,,1.06,,1.06,
26,Luxembourg,Ranked Country,LUX,0.5,,0.6,,1,,1.4,,83.8,,85.7,,37.3,,38.9,,49.1,,46.1,,1.7,,1.7,,1.06,,1.06,
26,United Kingdom,Ranked Country,GBR,62.8,,69.3,,0.4,,0.6,,78.7,,79.7,,37.7,,39.8,,53.4,,52.7,,1.7,,1.9,,1.05,,1.05,
28,Czech Republic,Ranked Country,CZE,10.6,,10.8,,0,,0.3,,74,,73.4,,37.4,,39.4,,43.7,,42.9,,1.1,,1.5,,1.06,,1.06,
29,Greece,Ranked Country,GRC,11.4,,11.6,,0.4,,0.2,,59.7,,61.7,,38.3,,41.4,,47.1,,50.6,,1.3,,1.5,,1.07,,1.07,
30,Brunei Darussalam,Ranked Country,BRN,0.4,,0.5,,2.1,,1.7,,71.2,,76.4,,25.8,,28.9,,49.8,,41.6,,2.4,,2,,1.06,,1.06,
31,Cyprus,Ranked Country,CYP,1.1,,1.3,,1.8,,1.1,,68.6,,70.7,,31.8,,34.2,,48.4,,41.4,,1.7,,1.5,,1.07,,1.07,
32,Malta,Ranked Country,MLT,0.4,,0.4,,0.6,,0.3,,92.4,,95,,36.1,,39.5,,46.6,,42.1,,1.6,,1.3,,1.06,,1.06,
33,Andorra,Ranked Country,AND,0.1,,0.1,,3.7,,1.5,,92.4,,86.7,,..,,..,,..,,..,,..,,..,,..,,..,
33,Estonia,Ranked Country,EST,1.3,,1.3,,-0.4,,-0.1,,69.4,,69.5,,37.9,,39.7,,49.8,,50,,1.3,,1.7,,1.06,,1.06,
35,Slovakia,Ranked Country,SVK,5.5,,5.5,,0,,0.2,,56.2,,54.7,,33.6,,36.9,,45.4,,37.9,,1.3,,1.4,,1.05,,1.05,
36,Qatar,Ranked Country,QAT,1.9,,2.4,,6.6,,2.9,,96.3,,98.9,,30.3,,31.6,,38.4,,18.3,,3.1,,2.2,,1.05,,1.04,
37,Hungary,Ranked Country,HUN,9.9,,9.6,,-0.2,,-0.2,,64.6,,69.9,,38.5,,39.8,,46.8,,46.2,,1.3,,1.4,,1.06,,1.06,
38,Barbados,Ranked Country,BRB,0.3,,0.3,,0.2,,0.2,,38.3,,44.9,,33.6,,37.5,,50.3,,40,,1.6,,1.6,,1.04,,1.04,
39,Poland,Ranked Country,POL,38.3,,37.8,,-0.1,,0,,61.7,,60.8,,35.3,,38,,46.3,,40.5,,1.3,,1.4,,1.06,,1.06,
40,Chile,Ranked Country,CHL,17.4,,19.5,,1.1,,0.9,,85.9,,89.4,,28.8,,32.1,,54,,45.2,,2.1,,1.8,,1.04,,1.04,
41,Lithuania,Ranked Country,LTU,3.3,,3.1,,-0.5,,-0.4,,67,,67.2,,35.9,,39.3,,51.2,,44.9,,1.3,,1.5,,1.06,,1.05,
41,United Arab Emirates,Ranked Country,ARE,8.1,,10.5,,5.9,,2.2,,80.2,,84.7,,28.1,,30.1,,36.3,,20.9,,2.6,,1.7,,1.05,,1.05,
43,Portugal,Ranked Country,PRT,10.7,,10.3,,0.4,,0,,54.4,,61.6,,37.7,,41,,47.8,,50,,1.5,,1.3,,1.06,,1.06,
44,Latvia,Ranked Country,LVA,2.2,,2.1,,-0.7,,-0.4,,68.1,,67.7,,38.1,,40.2,,49.9,,47.3,,1.2,,1.5,,1.05,,1.06,
45,Argentina,Ranked Country,ARG,41.1,,46.8,,0.9,,0.9,,90.1,,92.7,,27.9,,30.4,,60.7,,54.4,,2.5,,2.2,,1.04,,1.04,
46,Seychelles,Ranked Country,SYC,0.1,,0.1,,1.2,,0.3,,50.4,,54,,..,,..,,..,,..,,..,,..,,..,,..,
47,Croatia,Ranked Country,HRV,4.4,,4.2,,-0.3,,-0.2,,55.6,,58.1,,39.1,,41.5,,48.4,,47.9,,1.4,,1.5,,1.06,,1.06,
48,Bahrain,Ranked Country,BHR,1.4,,1.7,,2.5,,2.1,,88.4,,88.7,,27.4,,30.1,,44.1,,29.2,,2.7,,2.5,,1.05,,1.05,
49,Bahamas,Ranked Country,BHS,0.4,,0.4,,1.4,,1.1,,82,,84.5,,27,,30.9,,52.9,,40.9,,2.1,,1.9,,1.06,,1.06,
50,Belarus,Ranked Country,BLR,9.5,,8.9,,-0.5,,-0.3,,70,,75.5,,36.3,,38.3,,47.5,,40.5,,1.2,,1.5,,1.06,,1.06,
51,Uruguay,Ranked Country,URY,3.4,,3.6,,0,,0.3,,91.3,,92.6,,31.6,,33.7,,60.2,,56.2,,2.2,,2,,1.05,,1.05,
52,Montenegro,Ranked Country,MNE,0.6,,0.6,,-0.2,,0.1,,58.5,,63.5,,33.5,,35.9,,47.1,,46.5,,1.8,,1.6,,1.08,,1.08,
52,Palau,Ranked Country,PLW,0,,0,,0.8,,0.8,,70,,85.1,,..,,..,,..,,..,,..,,..,,..,,..,
54,Kuwait,Ranked Country,KWT,2.9,,4,,3.1,,2.4,,98.1,,98.3,,28.3,,28.2,,42.3,,41.1,,2.6,,2.3,,1.03,,1.03,
55,Russian Federation,Ranked Country,RUS,142.7,,136.4,,-0.4,,-0.1,,73.4,,74,,36.5,,37.9,,44.1,,39.8,,1.2,,1.5,,1.06,,1.06,
56,Romania,Ranked Country,ROU,21.4,,20.3,,-0.4,,-0.2,,53,,52.8,,34.7,,38.5,,46.7,,43.6,,1.3,,1.4,,1.06,,1.06,
57,Bulgaria,Ranked Country,BGR,7.4,,6.5,,-0.7,,-0.7,,68.9,,73.7,,39.7,,41.6,,47.7,,47.3,,1.2,,1.5,,1.06,,1.06,
57,Saudi Arabia,Ranked Country,SAU,28.7,,38.5,,3.6,,2.1,,79.8,,82.5,,20.9,,25.9,,72.5,,49,,4,,2.7,,1.03,,1.03,
59,Cuba,Ranked Country,CUB,11.2,,11,,0.3,,0,,75.6,,75.1,,32.8,,38.4,,45.8,,41.8,,1.6,,1.4,,1.06,,1.06,
59,Panama,Ranked Country,PAN,3.6,,4.5,,1.8,,1.5,,65.8,,75.9,,24.8,,27.3,,59.6,,54.3,,2.7,,2.4,,1.05,,1.05,
61,Mexico,Ranked Country,MEX,116.1,,135.4,,1.3,,1.1,,74.7,,78.4,,23.4,,26.6,,62.5,,53.5,,2.6,,2.2,,1.05,,1.05,
62,Costa Rica,Ranked Country,CRI,4.8,,5.7,,1.9,,1.4,,59,,65.1,,24.8,,28.4,,58.5,,44.5,,2.4,,1.8,,1.05,,1.05,
63,Grenada,Ranked Country,GRD,0.1,,0.1,,0.2,,0.4,,35.9,,39.5,,21.8,,25,,74.9,,51.9,,2.6,,2.2,,1.05,,1.05,
64,Libya,Ranked Country,LBY,6.5,,7.8,,2,,0.8,,76.3,,77.9,,21.9,,25.9,,55.6,,55,,3.1,,2.4,,1.06,,1.06,
64,Malaysia,Ranked Country,MYS,29.3,,37.3,,2.2,,1.6,,62,,73.5,,23.8,,26,,59.1,,52.8,,3.1,,2.6,,1.06,,1.06,
64,Serbia,Ranked Country,SRB,9.8,h,9.5,h,-0.6,h,-0.1,h,53,,56.7,,35.7,,37.6,,50.5,,46.7,,1.7,,1.6,,1.08,,1.08,
67,Antigua and Barbuda,Ranked Country,ATG,0.1,,0.1,,1.6,,1,,32.1,,29.8,,..,,..,,..,,..,,..,,..,,..,,..,
67,Trinidad and Tobago,Ranked Country,TTO,1.4,,1.4,,0.4,,0.3,,10.8,,14,,26.9,,30.8,,47.3,,38.6,,1.6,,1.6,,1.04,,1.04,
69,Kazakhstan,Ranked Country,KAZ,16.4,,18.9,,0.3,,1,,55.7,,53.5,,27.7,,29,,52.6,,47.2,,1.9,,2.5,,1.07,,1.07,
70,Albania,Ranked Country,ALB,3.2,,3.3,,0.5,,0.3,,41.7,,54.5,,27.4,,30,,59.6,,46.1,,2.2,,1.5,,1.07,,1.07,
71,Venezuela (Bolivarian Republic of),Ranked Country,VEN,29.9,,37,,1.8,,1.5,,89.9,,93.7,,23.3,,26.1,,62,,53.3,,2.8,,2.4,,1.05,,1.05,
72,Dominica,Ranked Country,DMA,0.1,,0.1,,-0.2,,0,,67.2,,67.2,,..,,..,,..,,..,,..,,..,,..,,..,
72,Georgia,Ranked Country,GEO,4.3,,3.8,,-1.2,,-0.6,,52.6,,52.9,,34.4,,37.3,,52.5,,44.8,,1.6,,1.5,,1.11,,1.11,
72,Lebanon,Ranked Country,LBN,4.3,,4.7,,1.6,,0.7,,86,,87.4,,25.6,,29.1,,59.4,,45.1,,2.4,,1.8,,1.05,,1.05,
72,Saint Kitts and Nevis,Ranked Country,KNA,0.1,,0.1,,1.3,,1.2,,32.8,,32,,..,,..,,..,,..,,..,,..,,..,,..,
76,Iran (Islamic Republic of),Ranked Country,IRN,75.6,,84.4,,1.3,,1,,64,,69.2,,20.8,,27.1,,65.2,,38.7,,2.2,,1.6,,1.05,,1.05,
77,Peru,Ranked Country,PER,29.7,,35.5,,1.3,,1.1,,73,,77.6,,23,,25.6,,63.8,,54.9,,2.9,,2.4,,1.05,,1.05,
78,The former Yugoslav Republic of Macedonia,Ranked Country,MKD,2.1,,2,,0.3,,0.1,,59.4,,59.4,,32.5,,35.9,,47.7,,41.2,,1.7,,1.4,,1.08,,1.08,
78,Ukraine,Ranked Country,UKR,44.9,,40.5,,-0.8,,-0.5,,67.1,,69.1,,37.7,,39.3,,46,,42.8,,1.1,,1.5,,1.06,,1.06,
80,Mauritius,Ranked Country,MUS,1.3,,1.4,,1,,0.5,,42.7,,41.8,,28.6,,32.4,,48,,39.6,,2,,1.6,,1.04,,1.04,
81,Bosnia and Herzegovina,Ranked Country,BIH,3.7,,3.5,,0.5,,-0.2,,43,,48.8,,35.1,,39.4,,44.5,,40.5,,1.4,,1.1,,1.07,,1.07,
82,Azerbaijan,Ranked Country,AZE,9.4,,10.8,,1.1,,1.2,,51.4,,53.9,,25.6,,29.5,,58.1,,38.3,,2,,2.2,,1.17,,1.15,
83,Saint Vincent and the Grenadines,Ranked Country,VCT,0.1,,0.1,,0.2,,0,,45.2,,49.7,,24.2,,27.9,,62.3,,48.3,,2.4,,2,,1.03,,1.03,
84,Oman,Ranked Country,OMN,2.9,,3.6,,1.4,,1.9,,71.6,,73.7,,21,,25.3,,64.5,,42.8,,3.6,,2.2,,1.05,,1.05,
85,Brazil,Ranked Country,BRA,198.4,,220.5,,1.3,,0.8,,81.2,,84.9,,25.4,,29.1,,54,,46.8,,2.4,,1.8,,1.05,,1.05,
85,Jamaica,Ranked Country,JAM,2.8,,2.8,,0.8,,0.4,,51.8,,52.1,,24.5,,27,,67,,55.9,,2.6,,2.3,,1.05,,1.05,
87,Armenia,Ranked Country,ARM,3.1,,3.1,,-0.1,,0.3,,64.7,,64.1,,30.3,,32.1,,55.9,,45.3,,1.7,,1.7,,1.18,,1.14,
88,Saint Lucia,Ranked Country,LCA,0.2,,0.2,,1,,1,,28,,16.8,,24,,27.4,,66.5,,46.9,,2.3,,1.9,,1.03,,1.03,
89,Ecuador,Ranked Country,ECU,14.9,,17.9,,1.7,,1.3,,60.3,,68,,22.6,,25.5,,65.1,,56.3,,3,,2.4,,1.05,,1.05,
90,Turkey,Ranked Country,TUR,74.5,,86.7,,1.4,,1.1,,64.7,,72.5,,24.5,,28.3,,56,,46.8,,2.4,,2,,1.05,,1.05,
91,Colombia,Ranked Country,COL,47.6,,56.9,,1.6,,1.3,,72.1,,75.6,,23.8,,26.8,,60.1,,51.5,,2.6,,2.3,,1.05,,1.05,
92,Sri Lanka,Ranked Country,LKA,21.2,,23.1,,1.1,,0.8,,15.7,,15.2,,27.8,,30.7,,48.9,,50.6,,2.2,,2.3,,1.04,,1.04,
93,Algeria,Ranked Country,DZA,36.5,,43.5,,1.5,,1.4,,60.8,,73.8,,21.7,,26.2,,62.2,,45.6,,2.6,,2.2,,1.05,,1.05,
94,Tunisia,Ranked Country,TUN,10.7,,12.2,,0.9,,1,,63.4,,66.5,,24.7,,28.9,,57.2,,43.2,,2.1,,1.9,,1.05,,1.05,
95,Tonga,Ranked Country,TON,0.1,,0.1,,0.6,,0.4,,23,,23.5,,19.9,,21.3,,78.9,,76.1,,4.3,,3.8,,1.05,,1.05,
96,Belize,Ranked Country,BLZ,0.3,,0.4,,2.3,,2,,47.7,,44.5,,18.8,,21.8,,83.4,,60.8,,3.6,,2.7,,1.03,,1.03,
96,Dominican Republic,Ranked Country,DOM,10.2,,12.1,,1.5,,1.2,,61.7,,70.3,,22.7,,25.1,,67.1,,58.3,,2.9,,2.5,,1.05,,1.05,
96,Fiji,Ranked Country,FJI,0.9,,1,,0.3,,0.8,,47.9,,52.6,,22.1,,26.4,,62.6,,51.7,,3.1,,2.6,,1.06,,1.06,
96,Samoa,Ranked Country,WSM,0.2,,0.2,,0.4,,0.5,,22,,19.6,,19.7,,20.9,,81.6,,72.7,,4.6,,3.8,,1.08,,1.08,
100,Jordan,Ranked Country,JOR,6.5,,8.4,,2,,1.9,,79.8,,83,,19.4,,20.7,,75.8,,66.9,,3.9,,2.9,,1.05,,1.05,
101,China,Ranked Country,CHN,1353.6,"i,j",1393.1,"i,j",0.6,"i,j",0.4,"i,j",35.9,j,51.9,,29.7,,34.5,,48.1,,37.6,,1.7,,1.6,,1.21,,1.18,
102,Turkmenistan,Ranked Country,TKM,5.2,,6.2,,1.1,,1.2,,45.9,,49,,21.6,,24.5,,68.4,,48.4,,2.8,,2.3,,1.05,,1.05,
103,Thailand,Ranked Country,THA,69.9,,73.3,,1.1,,0.5,,31.1,,34.4,,30.2,,34.2,,44.7,,41.1,,1.7,,1.5,,1.06,,1.06,
104,Maldives,Ranked Country,MDV,0.3,,0.4,,1.5,,1.3,,27.7,,42.3,,18.8,,24.6,,79.2,,43.6,,2.9,,1.7,,1.06,,1.06,
105,Suriname,Ranked Country,SUR,0.5,,0.6,,1.3,,0.9,,64.9,,70.1,,25.7,,27.6,,57.1,,52.3,,2.7,,2.3,,1.08,,1.08,
106,Gabon,Ranked Country,GAB,1.6,,2.1,,2.1,,1.9,,80.1,,86.5,,19.3,,21.6,,84.2,,64,,4.1,,3.2,,1.03,,1.03,
107,El Salvador,Ranked Country,SLV,6.3,,7.1,,0.4,,0.6,,58.9,,65.3,,20.7,,23.2,,78.2,,60.6,,2.9,,2.2,,1.05,,1.05,
108,Bolivia (Plurinational State of),Ranked Country,BOL,10.2,,13.4,,1.9,,1.6,,61.8,,67.2,,20,,21.7,,78.1,,66.9,,4.1,,3.2,,1.05,,1.05,
108,Mongolia,Ranked Country,MNG,2.8,,3.5,,1.1,,1.5,,57.1,,69.5,,21.8,,25.4,,63.9,,46.8,,2.2,,2.5,,1.03,,1.03,
110,Occupied Palestinian Territory,Ranked Country,PSE,4.3,,6.8,,2.1,,2.8,,72,,74.6,,16.2,,18.1,,98.7,,79.5,,5.4,,4.3,,1.05,,1.05,
111,Paraguay,Ranked Country,PRY,6.7,,8.7,,2,,1.7,,55.3,,62.5,,20.4,,23.1,,74,,61.4,,3.7,,2.9,,1.05,,1.05,
112,Egypt,Ranked Country,EGY,84,,106.5,,1.9,,1.7,,42.8,,43.6,,21.4,,24.4,,67.9,,57.2,,3.3,,2.7,,1.05,,1.05,
113,Moldova (Republic of),Ranked Country,MDA,3.5,,3.1,,-1.7,,-0.7,,44.6,,48.4,,32.3,,35.2,,50.8,,38.8,,1.6,,1.5,,1.06,,1.06,
114,Philippines,Ranked Country,PHL,96.5,,126.3,,2,,1.7,,48,,49.1,,20.4,,22.2,,71.5,,62.4,,3.8,,3.1,,1.06,,1.06,
114,Uzbekistan,Ranked Country,UZB,28.1,,33.4,,0.9,,1.1,,37.4,,36.2,,20.9,,24.2,,71.4,,48.7,,2.7,,2.3,,1.05,,1.05,
116,Syrian Arab Republic,Ranked Country,SYR,21.1,,27.9,,2.9,,1.7,,51.9,,56.5,,19.1,,21.1,,77.7,,65.2,,3.6,,2.8,,1.05,,1.05,
117,Micronesia (Federated States of),Ranked Country,FSM,0.1,,0.1,,0.4,,0.5,,22.3,,22.7,,18.9,,20.8,,78.2,,65.1,,4.3,,3.3,,1.07,,1.07,
118,Guyana,Ranked Country,GUY,0.8,,0.8,,0.4,,0.2,,28.7,,28.4,,23,,23.8,,66.7,,55.8,,2.5,,2.2,,1.05,,1.05,
119,Botswana,Ranked Country,BWA,2.1,,2.3,,1.3,,1.1,,53.2,,62.3,,20,,22.9,,69.5,,56.7,,3.4,,2.6,,1.03,,1.03,
120,Honduras,Ranked Country,HND,7.9,,10.7,,2,,2,,45.5,,52.7,,18.4,,21,,86,,66.9,,4,,3,,1.05,,1.05,
121,Indonesia,Ranked Country,IDN,244.8,,279.7,,1.3,,1,,42,,51.5,,24.4,,27.8,,54.7,,47.3,,2.5,,2.1,,1.05,,1.05,
121,Kiribati,Ranked Country,KIR,0.1,,0.1,,1.8,,1.5,,43,,44,,..,,..,,..,,..,,..,,..,,..,,..,
121,South Africa,Ranked Country,ZAF,50.7,,54.7,,1.3,,0.5,,56.9,,62.4,,22.9,,24.9,,59.6,,52.9,,2.9,,2.4,,1.03,,1.03,
124,Vanuatu,Ranked Country,VUT,0.3,,0.4,,2.6,,2.4,,21.7,,25.2,,18.9,,20.6,,81.3,,70,,4.4,,3.8,,1.07,,1.07,
125,Kyrgyzstan,Ranked Country,KGZ,5.4,,6.7,,0.4,,1.1,,35.3,,35.4,,22.5,,23.8,,67.9,,51.9,,2.7,,2.6,,1.05,,1.06,
125,Tajikistan,Ranked Country,TJK,7.1,,9,,0.9,,1.5,,26.5,,26.5,,18.5,,20.4,,84.9,,65.3,,4,,3.2,,1.05,,1.05,
127,Viet Nam,Ranked Country,VNM,89.7,,101.5,,1.1,,1,,24.4,,31.7,,23.8,,28.2,,60.5,,40.9,,2,,1.8,,1.05,,1.05,
128,Namibia,Ranked Country,NAM,2.4,,3,,1.9,,1.7,,32.4,,39,,19.5,,21.2,,77.6,,64.8,,4,,3.1,,1.03,,1.03,
129,Nicaragua,Ranked Country,NIC,6,,7.2,,1.3,,1.4,,54.7,,57.8,,18.9,,22.1,,80.4,,61.2,,3.3,,2.5,,1.05,,1.05,
130,Morocco,Ranked Country,MAR,32.6,,37.5,,1.1,,1,,53.3,,57.4,,22.6,,26.3,,62,,49.2,,2.7,,2.2,,1.06,,1.06,
131,Iraq,Ranked Country,IRQ,33.7,,55.3,,2.7,,3.1,,67.8,,66.4,,18,,18.3,,89.5,,84.3,,5.3,,4.6,,1.07,,1.07,
132,Cape Verde,Ranked Country,CPV,0.5,,0.6,,1.6,,0.9,,53.4,,63.4,,18.5,,22.8,,88.9,,55.8,,3.7,,2.3,,1.03,,1.03,
133,Guatemala,Ranked Country,GTM,15.1,,22.7,,2.5,,2.5,,45.1,,50.2,,17.7,,18.9,,92.4,,82.4,,4.8,,3.9,,1.05,,1.05,
134,Timor-Leste,Ranked Country,TLS,1.2,,2,,3.9,,2.9,,24.3,,28.7,,15.3,,16.6,,106.8,,93,,7.1,,6,,1.05,,1.05,
135,Ghana,Ranked Country,GHA,25.5,,36.5,,2.4,,2.3,,44,,52.6,,19.1,,20.5,,79.9,,73,,4.7,,4,,1.06,,1.06,
136,Equatorial Guinea,Ranked Country,GNQ,0.7,,1.1,,3.1,,2.7,,38.8,,39.6,,19.5,,20.3,,85.9,,72,,5.8,,5,,1.03,,1.03,
136,India,Ranked Country,IND,1258.4,,1523.5,,1.6,,1.3,,27.7,,31.6,,22.7,,25.1,,63.8,,53.8,,3.1,,2.6,,1.08,,1.08,
138,Cambodia,Ranked Country,KHM,14.5,,17.4,,1.4,,1.2,,18.6,,20.1,,18.1,,22.9,,80.5,,53.2,,3.8,,2.4,,1.05,,1.05,
138,Lao People's Democratic Republic,Ranked Country,LAO,6.4,,7.8,,1.6,,1.3,,22,,35.4,,18.6,,21.5,,85,,58.4,,4.2,,2.6,,1.05,,1.05,
140,Bhutan,Ranked Country,BTN,0.8,,0.9,,2.9,,1.5,,25.4,,36.4,,19.4,,24.6,,79.2,,49.7,,3.7,,2.3,,1.04,,1.04,
141,Swaziland,Ranked Country,SWZ,1.2,,1.5,,0.8,,1.4,,22.6,,21.2,,17.2,,19.5,,90.8,,69.4,,4.2,,3.2,,1.03,,1.03,
142,Congo,Ranked Country,COG,4.2,,6.2,,2.4,,2.2,,58.7,,64.1,,18.9,,19.6,,82.7,,79.3,,4.9,,4.5,,1.03,,1.03,
143,Solomon Islands,Ranked Country,SLB,0.6,,0.8,,2.8,,2.5,,15.8,,20.9,,18.8,,19.9,,80.6,,74.1,,4.7,,4.1,,1.09,,1.09,
144,Sao Tome and Principe,Ranked Country,STP,0.2,,0.2,,1.6,,2,,53.4,,63.4,,17.8,,19.3,,88.3,,75.8,,4.6,,3.5,,1.03,,1.03,
145,Kenya,Ranked Country,KEN,42.7,,65.9,,2.6,,2.7,,19.9,,24.4,,17.4,,18.5,,89,,82.1,,5,,4.6,,1.03,,1.03,
146,Bangladesh,Ranked Country,BGD,152.4,,181.9,,1.6,,1.3,,23.6,,28.9,,20.8,,24.2,,70.4,,53,,3.1,,2.2,,1.05,,1.05,
146,Pakistan,Ranked Country,PAK,180,,234.4,,1.9,,1.8,,33.1,,36.5,,19,,21.7,,82.8,,63.4,,4.5,,3.2,,1.05,,1.05,
148,Angola,Ranked Country,AGO,20.2,,30.8,,3.4,,2.7,,49,,60,,16.1,,16.6,,100.5,,93.9,,6.8,,5.2,,1.03,,1.03,
149,Myanmar,Ranked Country,MMR,48.7,,54.3,,0.6,,0.8,,27.2,,33.2,,24.7,,28.2,,55.2,,43,,2.4,,2,,1.03,,1.03,
150,Cameroon,Ranked Country,CMR,20.5,,28.8,,2.3,,2.1,,45.5,,52.7,,18.2,,19.3,,86.3,,78.3,,5,,4.3,,1.03,,1.03,
151,Madagascar,Ranked Country,MDG,21.9,,35.3,,3,,2.8,,27.1,,33.2,,17.4,,18.2,,93.8,,83.7,,5.5,,4.5,,1.02,,1.03,
152,Tanzania (United Republic of),Ranked Country,TZA,47.7,,81.9,,2.6,,3.1,,22.3,,27.2,,17.4,,17.5,,91,,92.6,,5.7,,5.5,,1.03,,1.03,
153,Nigeria,Ranked Country,NGA,166.6,,257.8,,2.5,,2.5,,42.4,,50.3,,18.1,,18.5,,86.4,,86.1,,5.9,,5.5,,1.06,,1.06,
154,Senegal,Ranked Country,SEN,13.1,,20,,2.7,,2.6,,40.3,,42.8,,17,,17.8,,92.1,,84.3,,5.5,,4.7,,1.03,,1.03,
155,Mauritania,Ranked Country,MRT,3.6,,5.2,,2.8,,2.2,,40,,41.7,,18.4,,19.8,,83,,73.1,,5.2,,4.4,,1.05,,1.05,
156,Papua New Guinea,Ranked Country,PNG,7.2,,10.2,,2.5,,2.2,,13.2,,12.5,,19.6,,20.4,,74.7,,70.3,,4.5,,3.8,,1.08,,1.08,
157,Nepal,Ranked Country,NPL,31,,39.9,,2.2,,1.7,,13.4,,17.3,,19.2,,21.4,,80.5,,64.1,,4.1,,2.6,,1.05,,1.05,
158,Lesotho,Ranked Country,LSO,2.2,,2.6,,1,,1,,20,,28.3,,18.6,,20.3,,84.1,,69.1,,4.1,,3.1,,1.03,,1.03,
159,Togo,Ranked Country,TGO,6.3,,8.7,,2.4,,2,,32.9,,38.5,,18,,19.7,,86.4,,73.6,,5.1,,3.9,,1.02,,1.02,
160,Yemen,Ranked Country,YEM,25.6,,41.3,,3.1,,3,,26.3,,32.9,,15.5,,17.4,,105.6,,86.4,,6.5,,5,,1.05,,1.05,
161,Haiti,Ranked Country,HTI,10.3,,12.5,,1.6,,1.3,,35.6,,54.8,,19.1,,21.5,,79.2,,65.5,,4.3,,3.2,,1.05,,1.05,
161,Uganda,Ranked Country,UGA,35.6,,59.8,,3.2,,3.1,,12.1,,16,,15.6,,15.7,,106,,103.1,,6.9,,6,,1.03,,1.03,
163,Zambia,Ranked Country,ZMB,13.9,,24.5,,2.3,,3,,34.8,,39.6,,17.1,,16.7,,93.2,,99,,6.1,,6.3,,1.03,,1.03,
164,Djibouti,Ranked Country,DJI,0.9,,1.3,,2,,1.9,,76.5,,77.1,,18.9,,21.4,,78.8,,62.8,,4.8,,3.6,,1.04,,1.04,
165,Gambia,Ranked Country,GMB,1.8,,2.8,,3,,2.7,,48.8,,57.9,,16.9,,17.8,,92.1,,83.8,,5.6,,4.7,,1.03,,1.03,
166,Benin,Ranked Country,BEN,9.4,,14.6,,3.2,,2.7,,38.3,,45.6,,17.1,,17.9,,94.5,,86.9,,6,,5.1,,1.04,,1.04,
167,Rwanda,Ranked Country,RWA,11.3,,17.6,,2.6,,2.9,,13.8,,19.4,,16.9,,18.7,,92.4,,84.2,,5.8,,5.3,,1.01,,1.01,
168,CÃ´te d'Ivoire,Ranked Country,CIV,20.6,,29.8,,1.7,,2.2,,43.5,,52,,18.7,,19.2,,81.6,,79.3,,5.2,,4.3,,1.02,,1.02,
169,Comoros,Ranked Country,COM,0.8,,1.2,,2.7,,2.5,,28.1,,28.1,,18.5,,18.9,,79.2,,82.8,,5.3,,4.8,,1.05,,1.05,
170,Malawi,Ranked Country,MWI,15.9,,28.2,,2.7,,3.2,,14.6,,15.8,,17,,16.9,,95.6,,96.3,,6.1,,6,,1.03,,1.03,
171,Sudan,Ranked Country,SDN,35,,50.8,,2.3,,2.4,,32.5,,33.3,,18.6,k,19.7,k,83.7,k,76,k,5.5,k,..,,1.05,k,1.05,k
172,Zimbabwe,Ranked Country,ZWE,13,,17.6,,0.1,,2.2,,33.8,,39.1,,18.2,,19.3,,82.3,,71.6,,3.9,,3.1,,1.02,,1.02,
173,Ethiopia,Ranked Country,ETH,86.5,,118.5,,2.5,,2.1,,14.7,,17.2,,17,,18.7,,95.7,,77.3,,6.1,,3.9,,1.03,,1.03,
174,Liberia,Ranked Country,LBR,4.2,,6.5,,2.2,,2.6,,44.3,,48.5,,17.9,,18.2,,85.9,,86,,5.8,,5.1,,1.06,,1.06,
175,Afghanistan,Ranked Country,AFG,33.4,,53.3,,3.8,,3.1,,20.6,,23.8,,15.9,,16.6,,101.3,,92.6,,7.7,,6,,1.06,,1.06,
176,Guinea-Bissau,Ranked Country,GNB,1.6,,2.3,,2,,2.1,,35.9,,44.6,,18.2,,19,,86.7,,79.7,,5.8,,4.9,,1.03,,1.03,
177,Sierra Leone,Ranked Country,SLE,6.1,,8.5,,4.4,,2.1,,35.8,,39.6,,18.5,,18.4,,80.2,,80.8,,5.7,,4.8,,1.02,,1.02,
178,Burundi,Ranked Country,BDI,8.7,,11.4,,2.6,,1.9,,8.2,,11.2,,16.7,,20.2,,96.5,,67.7,,5.8,,4.1,,1.03,,1.03,
178,Guinea,Ranked Country,GIN,10.5,,15.9,,1.6,,2.5,,31,,35.9,,17.7,,18.3,,90.7,,85,,6,,5.1,,1.06,,1.06,
180,Central African Republic,Ranked Country,CAF,4.6,,6.4,,1.6,,2,,37.6,,39.3,,18.7,,19.4,,85.1,,78,,5.4,,4.5,,1.03,,1.03,
181,Eritrea,Ranked Country,ERI,5.6,,8.4,,4,,2.9,,17.6,,21.8,,17.1,,19,,89.7,,78.9,,5.4,,4.3,,1.03,,1.03,
182,Mali,Ranked Country,MLI,16.3,,26.8,,3.1,,3,,28.1,,35.6,,16.3,,16.3,,98.8,,97.3,,6.8,,6.2,,1.05,,1.05,
183,Burkina Faso,Ranked Country,BFA,17.5,,29.1,,2.9,,3,,17.8,,27.4,,16.5,,17.1,,95.3,,90.5,,6.3,,5.8,,1.05,,1.05,
184,Chad,Ranked Country,TCD,11.8,,18.4,,3.5,,2.6,,21.5,,21.9,,16.9,,17.1,,96.2,,92.6,,6.6,,5.8,,1.03,,1.03,
185,Mozambique,Ranked Country,MOZ,24.5,,35.9,,2.6,,2.2,,29.1,,31.4,,17.9,,17.8,,88.8,,89.1,,5.7,,4.8,,1.03,,1.03,
186,Congo (Democratic Republic of the),Ranked Country,COD,69.6,,106,,2.9,,2.6,,29.3,,34.8,,16,,16.7,,102.6,,94,,6.9,,5.5,,1.03,,1.03,
186,Niger,Ranked Country,NER,16.6,,30.8,,3.5,,3.5,,16.2,,18.1,,15.8,,15.5,,102.3,,104.8,,7.5,,7,,1.05,,1.05,
,Korea (Democratic People's Rep. of),Unranked Country,PRK,24.6,,26.2,,0.7,,0.4,,59.4,,60.4,,29.9,,32.9,,49.5,,47,,2.1,,2,,1.05,,1.05,
,Marshall Islands,Unranked Country,MHL,0.1,,0.1,,0,,1.6,,68.4,,72.2,,..,,..,,..,,..,,..,,..,,..,,..,
,Monaco,Unranked Country,MCO,0,,0,,0.1,,0,,100,,100,,..,,..,,..,,..,,..,,..,,..,,..,
,Nauru,Unranked Country,NRU,0,,0,,0.1,,0.6,,100,,100,,..,,..,,..,,..,,..,,..,,..,,..,
,San Marino,Unranked Country,SMR,0,,0,,2.3,,0.6,,93.4,,94.1,,..,,..,,..,,..,,..,,..,,..,,..,
,Somalia,Unranked Country,SOM,9.8,,16.4,,2.4,,2.6,,33.2,,38.2,,18,,17.5,,88.3,,91,,6.5,,6.3,,1.03,,1.03,
,South Sudan,Unranked Country,SSD,10.7,,16.1,,2.8,l,3.2,l,16.5,,18.2,,..,,..,,..,,..,,..,,..,,..,,..,
,Tuvalu,Unranked Country,TUV,0,,0,,0.6,,0.2,,46,,51,,..,,..,,..,,..,,..,,..,,..,,..,
,Very high human development,Quartile,,1134.3,,1216.9,,0.7,,0.5,,77,,81.2,,36.8,,39.3,,49.1,,50.3,,1.6,,1.8,,1.05,,1.06,
,High human development,Quartile,,1039.2,,1150.1,,0.9,,0.8,,70.1,,74.1,,27.6,,30.4,,54.7,,46.4,,2.2,,1.9,,1.05,,1.05,
,Medium human development,Quartile,,3520.5,,4017.4,,1.2,,1,,34.8,,43.7,,25.6,,28.9,,56.8,,47,,2.5,,2.1,,1.1,,1.1,
,Low human development,Quartile,,1280.7,,1845.3,,2.3,,2.2,,28.6,,33.6,,18.4,,19.8,,85.2,,75.5,,5.1,,4.2,,1.04,,1.04,
,Arab States,Region,,357.3,,480.8,,2.2,,2,,53.2,,57.2,,20.6,,23.3,,72.3,,59.7,,3.9,,3,,1.05,,1.05,
,East Asia and the Pacific,Region,,1991.4,,2135.3,,0.8,,0.6,,36.7,,49.7,,28.1,,32.3,,50.8,,40.9,,2,,1.8,,1.14,,1.12,
,Europe and Central Asia,Region,,481.6,,491.3,,0,,0.2,,63.2,,64.8,,32.9,,34.9,,49.5,,43.4,,1.6,,1.7,,1.06,,1.06,
,Latin America and the Caribbean,Region,,597.7,,696,,1.3,,1.1,,75.3,,79.3,,24.4,,27.5,,60.3,,52.1,,2.6,,2.2,,1.05,,1.05,
,South Asia,Region,,1753,,2141.8,,1.6,,1.4,,29,,32.9,,22,,24.6,,66.7,,54.6,,3.3,,2.6,,1.07,,1.07,
,Sub-Saharan Africa,Region,,852.5,,1284,,2.5,,2.5,,32,,37,,17.8,,18.5,,88.6,,83.4,,5.6,,4.8,,1.04,,1.04,
,Least developed countries,Grouping,,870.4,T,1256.8,T,2.2,T,2.2,T,24.3,T,28.9,T,18.3,T,19.7,T,85.5,T,75.5,T,5.1,T,4.1,T,1.04,T,1.04,T
,SIDS,Grouping,,53.8,,63.8,,1.3,,1.1,,48.2,,52.6,,24,,26.6,,64.6,,57.3,,3.1,,2.7,,1.06,,1.06,
,World,World,,7052.1,T,8321.3,T,1.2,T,1.2,T,46.7,T,52.6,T,26.7,T,29.2,T,59,T,52,T,2.7,T,2.5,T,1.07,T,1.07,T
